document_id,file_name,char_count,liability_clause_count,termination_clause_count,indemnification_count,financial_entity_count,percentage_entity_count,liability_clause_density_per_10k,termination_clause_density_per_10k,indemnification_density_per_10k
ABILITYINC_06_15_2020-EX-4.25-SERVICES AGREEMENT,ABILITYINC_06_15_2020-EX-4.25-SERVICES AGREEMENT.txt,26346,0,13,3,0,1,0.0,4.934335382980339,1.1386927806877705
ACCURAYINC_09_01_2010-EX-10.31-DISTRIBUTOR AGREEMENT,ACCURAYINC_09_01_2010-EX-10.31-DISTRIBUTOR AGREEMENT.txt,89484,2,28,0,2,1,0.22350364310938267,3.129051003531358,0.0
ADAMSGOLFINC_03_21_2005-EX-10.17-ENDORSEMENT AGREEMENT,ADAMSGOLFINC_03_21_2005-EX-10.17-ENDORSEMENT AGREEMENT.txt,24632,0,10,0,0,0,0.0,4.059759662227997,0.0
AimmuneTherapeuticsInc_20200205_8-K_EX-10.3_11967170_EX-10.3_Development Agreement,AimmuneTherapeuticsInc_20200205_8-K_EX-10.3_11967170_EX-10.3_Development Agreement.txt,167973,1,42,16,10,3,0.0595333773880326,2.500401850297369,0.9525340382085216
AIRSPANNETWORKSINC_04_11_2000-EX-10.5-Distributor Agreement,AIRSPANNETWORKSINC_04_11_2000-EX-10.5-Distributor Agreement.txt,70444,1,21,0,2,0,0.14195673158821193,2.9810913633524505,0.0
AlliedEsportsEntertainmentInc_20190815_8-K_EX-10.19_11788293_EX-10.19_Content License Agreement,AlliedEsportsEntertainmentInc_20190815_8-K_EX-10.19_11788293_EX-10.19_Content License Agreement.txt,35504,0,9,5,12,2,0.0,2.534925642181163,1.4082920234339793
AlliedEsportsEntertainmentInc_20190815_8-K_EX-10.34_11788308_EX-10.34_Sponsorship Agreement,AlliedEsportsEntertainmentInc_20190815_8-K_EX-10.34_11788308_EX-10.34_Sponsorship Agreement.txt,37796,0,18,0,0,0,0.0,4.762408720499524,0.0
AMBASSADOREYEWEARGROUPINC_11_17_1997-EX-10.28-ENDORSEMENT AGREEMENT,AMBASSADOREYEWEARGROUPINC_11_17_1997-EX-10.28-ENDORSEMENT AGREEMENT.txt,39727,0,17,1,0,0,0.0,4.27920557807033,0.2517179751806076
AMERICANPHYSICIANSCAPITALINC_03_31_2003-EX-10.26-AGENCY AGREEMENT,AMERICANPHYSICIANSCAPITALINC_03_31_2003-EX-10.26-AGENCY AGREEMENT.txt,23999,0,6,1,3,10,0.0,2.5001041710071252,0.4166840285011876
AMERICASSHOPPINGMALLINC_12_10_1999-EX-10.2-SITE DEVELOPMENT AND HOSTING AGREEMENT,AMERICASSHOPPINGMALLINC_12_10_1999-EX-10.2-SITE DEVELOPMENT AND HOSTING AGREEMENT.txt,19351,0,14,0,2,0,0.0,7.234768229032092,0.0
ANIXABIOSCIENCESINC_06_09_2020-EX-10.1-COLLABORATION AGREEMENT,ANIXABIOSCIENCESINC_06_09_2020-EX-10.1-COLLABORATION AGREEMENT.txt,40519,0,16,13,0,3,0.0,3.948764777018189,3.2083713813272783
"Antares Pharma, Inc. - Manufacturing Agreement","Antares Pharma, Inc. - Manufacturing Agreement.txt",106786,1,26,2,0,0,0.0936452343940217,2.434776094244564,0.1872904687880434
ArcGroupInc_20171211_8-K_EX-10.1_10976103_EX-10.1_Sponsorship Agreement,ArcGroupInc_20171211_8-K_EX-10.1_10976103_EX-10.1_Sponsorship Agreement.txt,16773,0,0,0,0,0,0.0,0.0,0.0
ArconicRolledProductsCorp_20191217_10-12B_EX-2.7_11923804_EX-2.7_Trademark License Agreement,ArconicRolledProductsCorp_20191217_10-12B_EX-2.7_11923804_EX-2.7_Trademark License Agreement.txt,18069,0,5,1,0,0,0.0,2.7671702916597485,0.5534340583319497
ASPIRITYHOLDINGSLLC_05_07_2012-EX-10.6-OUTSOURCING AGREEMENT,ASPIRITYHOLDINGSLLC_05_07_2012-EX-10.6-OUTSOURCING AGREEMENT.txt,67111,0,24,10,8,1,0.0,3.5761648612001014,1.490068692166709
ATMOSENERGYCORP_11_22_2002-EX-10.17-TRANSPORTATION SERVICE AGREEMENT,ATMOSENERGYCORP_11_22_2002-EX-10.17-TRANSPORTATION SERVICE AGREEMENT.txt,24151,0,1,0,0,0,0.0,0.4140615295432902,0.0
AtnInternationalInc_20191108_10-Q_EX-10.1_11878541_EX-10.1_Maintenance Agreement,AtnInternationalInc_20191108_10-Q_EX-10.1_11878541_EX-10.1_Maintenance Agreement.txt,228943,0,76,11,14,2,0.0,3.3196035694474166,0.48046893768317883
AzulSa_20170303_F-1A_EX-10.3_9943903_EX-10.3_Maintenance Agreement1,AzulSa_20170303_F-1A_EX-10.3_9943903_EX-10.3_Maintenance Agreement1.txt,233248,0,37,1,0,1,0.0,1.5862944162436547,0.04287282206063932
AzulSa_20170303_F-1A_EX-10.3_9943903_EX-10.3_Maintenance Agreement2,AzulSa_20170303_F-1A_EX-10.3_9943903_EX-10.3_Maintenance Agreement2.txt,16870,0,2,0,0,0,0.0,1.1855364552459988,0.0
"BABCOCK_WILCOXENTERPRISES,INC_08_04_2015-EX-10.17-INTELLECTUAL PROPERTY AGREEMENT between THE BABCOCK _ WILCOX COMPANY and BABCOCK _ WILCOX ENTERPRISES, INC.","BABCOCK_WILCOXENTERPRISES,INC_08_04_2015-EX-10.17-INTELLECTUAL PROPERTY AGREEMENT between THE BABCOCK _ WILCOX COMPANY and BABCOCK _ WILCOX ENTERPRISES, INC..txt",112447,0,10,0,0,0,0.0,0.8893078516990227,0.0
BANGIINC_05_25_2005-EX-10-Premium Managed Hosting Agreement,BANGIINC_05_25_2005-EX-10-Premium Managed Hosting Agreement.txt,2010,0,0,0,4,0,0.0,0.0,0.0
"BELLICUMPHARMACEUTICALS,INC_05_07_2019-EX-10.1-Supply Agreement","BELLICUMPHARMACEUTICALS,INC_05_07_2019-EX-10.1-Supply Agreement.txt",188674,3,31,7,0,0,0.15900442032288498,1.6430456766698114,0.37101031408673163
"BELLRINGBRANDS,INC_02_07_2020-EX-10.18-MASTER SUPPLY AGREEMENT","BELLRINGBRANDS,INC_02_07_2020-EX-10.18-MASTER SUPPLY AGREEMENT.txt",37876,1,7,2,2,0,0.26401943183018267,1.8481360228112789,0.5280388636603653
BICYCLETHERAPEUTICSPLC_03_10_2020-EX-10.11-SERVICE AGREEMENT,BICYCLETHERAPEUTICSPLC_03_10_2020-EX-10.11-SERVICE AGREEMENT.txt,57041,0,45,0,0,8,0.0,7.889062253466805,0.0
BIOCEPTINC_08_19_2013-EX-10-COLLABORATION AGREEMENT,BIOCEPTINC_08_19_2013-EX-10-COLLABORATION AGREEMENT.txt,79052,1,16,7,1,3,0.1264990133076962,2.023984212923139,0.8854930931538735
BNCMORTGAGEINC_05_17_1999-EX-10.4-LICENSING AND WEB SITE HOSTING AGREEMENT,BNCMORTGAGEINC_05_17_1999-EX-10.4-LICENSING AND WEB SITE HOSTING AGREEMENT.txt,32680,0,2,0,0,0,0.0,0.6119951040391677,0.0
BONTONSTORESINC_04_20_2018-EX-99.3-AGENCY AGREEMENT,BONTONSTORESINC_04_20_2018-EX-99.3-AGENCY AGREEMENT.txt,161626,0,28,0,16,3,0.0,1.732394540482348,0.0
"BORROWMONEYCOM,INC_06_11_2020-EX-10.1-JOINT VENTURE AGREEMENT","BORROWMONEYCOM,INC_06_11_2020-EX-10.1-JOINT VENTURE AGREEMENT.txt",21450,0,1,1,4,2,0.0,0.4662004662004662,0.4662004662004662
CardlyticsInc_20180112_S-1_EX-10.16_11002987_EX-10.16_Maintenance Agreement1,CardlyticsInc_20180112_S-1_EX-10.16_11002987_EX-10.16_Maintenance Agreement1.txt,165322,3,28,1,8,8,0.1814640519713045,1.6936644850655085,0.06048801732376816
CardlyticsInc_20180112_S-1_EX-10.16_11002987_EX-10.16_Maintenance Agreement2,CardlyticsInc_20180112_S-1_EX-10.16_11002987_EX-10.16_Maintenance Agreement2.txt,2819,0,0,0,0,0,0.0,0.0,0.0
CardlyticsInc_20180112_S-1_EX-10.16_11002987_EX-10.16_Maintenance Agreement3,CardlyticsInc_20180112_S-1_EX-10.16_11002987_EX-10.16_Maintenance Agreement3.txt,1707,0,0,0,0,0,0.0,0.0,0.0
CardlyticsInc_20180112_S-1_EX-10.16_11002987_EX-10.16_Maintenance Agreement4,CardlyticsInc_20180112_S-1_EX-10.16_11002987_EX-10.16_Maintenance Agreement4.txt,5327,0,1,0,0,0,0.0,1.8772292096865029,0.0
CENTRACKINTERNATIONALINC_10_29_1999-EX-10.3-WEB SITE HOSTING AGREEMENT,CENTRACKINTERNATIONALINC_10_29_1999-EX-10.3-WEB SITE HOSTING AGREEMENT.txt,15176,1,3,2,2,0,0.6589351607801792,1.9768054823405377,1.3178703215603584
CerenceInc_20191002_8-K_EX-10.4_11827494_EX-10.4_Intellectual Property Agreement,CerenceInc_20191002_8-K_EX-10.4_11827494_EX-10.4_Intellectual Property Agreement.txt,62170,2,14,0,0,0,0.3216985684413704,2.2518899790895928,0.0
"CERES,INC_01_25_2012-EX-10.20-Collaboration Agreement","CERES,INC_01_25_2012-EX-10.20-Collaboration Agreement.txt",335282,0,51,1,0,16,0.0,1.521107604941512,0.029825639312578665
CHERRYHILLMORTGAGEINVESTMENTCORP_09_26_2013-EX-10.1-Strategic Alliance Agreement,CHERRYHILLMORTGAGEINVESTMENTCORP_09_26_2013-EX-10.1-Strategic Alliance Agreement.txt,27741,0,10,0,2,1,0.0,3.604772719080062,0.0
ChinaRealEstateInformationCorp_20090929_F-1_EX-10.32_4771615_EX-10.32_Content License Agreement,ChinaRealEstateInformationCorp_20090929_F-1_EX-10.32_4771615_EX-10.32_Content License Agreement.txt,49191,0,32,3,0,0,0.0,6.505255026325954,0.6098676587180581
CHIPMOSTECHNOLOGIESBERMUDALTD_04_18_2016-EX-4.72-Strategic Alliance Agreement,CHIPMOSTECHNOLOGIESBERMUDALTD_04_18_2016-EX-4.72-Strategic Alliance Agreement.txt,13506,0,5,0,0,0,0.0,3.702058344439508,0.0
"Columbia Laboratories, (Bermuda) Ltd. - AMEND NO. 2 TO MANUFACTURING AND SUPPLY AGREEMENT","Columbia Laboratories, (Bermuda) Ltd. - AMEND NO. 2 TO MANUFACTURING AND SUPPLY AGREEMENT.txt",45846,1,14,1,0,0,0.21812153732059503,3.0537015224883306,0.21812153732059503
ConformisInc_20191101_10-Q_EX-10.6_11861402_EX-10.6_Development Agreement,ConformisInc_20191101_10-Q_EX-10.6_11861402_EX-10.6_Development Agreement.txt,63217,1,16,8,2,0,0.15818529825837988,2.530964772134078,1.265482386067039
CORIOINC_07_20_2000-EX-10.5-LICENSE AND HOSTING AGREEMENT,CORIOINC_07_20_2000-EX-10.5-LICENSE AND HOSTING AGREEMENT.txt,62324,1,11,1,2,1,0.16045183235992555,1.764970155959181,0.16045183235992555
CreditcardscomInc_20070810_S-1_EX-10.33_362297_EX-10.33_Affiliate Agreement,CreditcardscomInc_20070810_S-1_EX-10.33_362297_EX-10.33_Affiliate Agreement.txt,28804,0,3,1,1,0,0.0,1.0415220108318288,0.3471740036106096
CUROGROUPHOLDINGSCORP_05_04_2020-EX-10.3-SERVICING AGREEMENT,CUROGROUPHOLDINGSCORP_05_04_2020-EX-10.3-SERVICING AGREEMENT.txt,36602,1,14,1,0,1,0.27320911425605154,3.824927599584722,0.27320911425605154
CYBERIANOUTPOSTINC_07_09_1998-EX-10.13-PROMOTION AGREEMENT,CYBERIANOUTPOSTINC_07_09_1998-EX-10.13-PROMOTION AGREEMENT.txt,25288,0,4,7,1,2,0.0,1.5817779183802594,2.768111357165454
CytodynInc_20200109_10-Q_EX-10.5_11941634_EX-10.5_License Agreement,CytodynInc_20200109_10-Q_EX-10.5_11941634_EX-10.5_License Agreement.txt,159488,1,32,8,4,8,0.06270064205457464,2.0064205457463884,0.5016051364365971
DataCallTechnologies_20060918_SB-2A_EX-10.9_944510_EX-10.9_Content License Agreement,DataCallTechnologies_20060918_SB-2A_EX-10.9_944510_EX-10.9_Content License Agreement.txt,14171,0,9,0,0,1,0.0,6.350998518100346,0.0
DigitalCinemaDestinationsCorp_20111220_S-1_EX-10.10_7346719_EX-10.10_Affiliate Agreement,DigitalCinemaDestinationsCorp_20111220_S-1_EX-10.10_7346719_EX-10.10_Affiliate Agreement.txt,109014,0,17,11,2,6,0.0,1.5594327334103877,1.0090447098537803
DOMINIADVISORTRUST_02_18_2005-EX-99.(H)(2)-SPONSORSHIP AGREEMENT,DOMINIADVISORTRUST_02_18_2005-EX-99.(H)(2)-SPONSORSHIP AGREEMENT.txt,12555,1,1,0,0,1,0.7964954201513341,0.7964954201513341,0.0
DovaPharmaceuticalsInc_20181108_10-Q_EX-10.2_11414857_EX-10.2_Promotion Agreement,DovaPharmaceuticalsInc_20181108_10-Q_EX-10.2_11414857_EX-10.2_Promotion Agreement.txt,175580,2,30,10,1,13,0.11390818999886092,1.708622849982914,0.5695409499943046
DRAGONSYSTEMSINC_01_08_1999-EX-10.17-OUTSOURCING AGREEMENT,DRAGONSYSTEMSINC_01_08_1999-EX-10.17-OUTSOURCING AGREEMENT.txt,8599,0,1,0,0,0,0.0,1.1629259216187928,0.0
EcoScienceSolutionsInc_20171117_8-K_EX-10.1_10956472_EX-10.1_Endorsement Agreement,EcoScienceSolutionsInc_20171117_8-K_EX-10.1_10956472_EX-10.1_Endorsement Agreement.txt,18104,0,5,0,1,0,0.0,2.761820592134335,0.0
EdietsComInc_20001030_10QSB_EX-10.4_2606646_EX-10.4_Co-Branding Agreement,EdietsComInc_20001030_10QSB_EX-10.4_2606646_EX-10.4_Co-Branding Agreement.txt,64192,1,17,7,12,9,0.15578265204386837,2.6483050847457625,1.0904785643070787
ELANDIAINTERNATIONALINC_04_25_2007-EX-10.21-Outsourcing Agreement,ELANDIAINTERNATIONALINC_04_25_2007-EX-10.21-Outsourcing Agreement.txt,82889,0,46,0,0,22,0.0,5.5495904160986385,0.0
ELECTRAMECCANICA VEHICLES CORP. - Manufacturing Agreement,ELECTRAMECCANICA VEHICLES CORP. - Manufacturing Agreement.txt,47889,0,13,0,0,5,0.0,2.7146108709724572,0.0
"ELFBEAUTY,INC_07_02_2020-EX-10.1-COOPERATION AGREEMENT","ELFBEAUTY,INC_07_02_2020-EX-10.1-COOPERATION AGREEMENT.txt",45484,0,5,0,2,7,0.0,1.0992876615952862,0.0
EmmisCommunicationsCorp_20191125_8-K_EX-10.6_11906433_EX-10.6_Marketing Agreement,EmmisCommunicationsCorp_20191125_8-K_EX-10.6_11906433_EX-10.6_Marketing Agreement.txt,17300,0,6,1,0,0,0.0,3.468208092485549,0.5780346820809248
ENERGOUSCORP_03_16_2017-EX-10.24-STRATEGIC ALLIANCE AGREEMENT,ENERGOUSCORP_03_16_2017-EX-10.24-STRATEGIC ALLIANCE AGREEMENT.txt,81926,3,24,8,0,1,0.36618411737421575,2.929472938993726,0.9764909796645753
ENERGYXXILTD_05_08_2015-EX-10.13-Transportation AGREEMENT,ENERGYXXILTD_05_08_2015-EX-10.13-Transportation AGREEMENT.txt,60982,1,6,2,0,10,0.1639828146010298,0.9838968876061789,0.3279656292020596
ENTERTAINMENTGAMINGASIAINC_02_15_2005-EX-10.5-DISTRIBUTOR AGREEMENT,ENTERTAINMENTGAMINGASIAINC_02_15_2005-EX-10.5-DISTRIBUTOR AGREEMENT.txt,44702,1,15,1,3,2,0.22370363742114446,3.3555545613171667,0.22370363742114446
EtonPharmaceuticalsInc_20191114_10-Q_EX-10.1_11893941_EX-10.1_Development Agreement,EtonPharmaceuticalsInc_20191114_10-Q_EX-10.1_11893941_EX-10.1_Development Agreement.txt,65651,1,23,7,15,2,0.15232060440815828,3.5033739013876404,1.066244230857108
EuromediaHoldingsCorp_20070215_10SB12G_EX-10.B(01)_525118_EX-10.B(01)_Content License Agreement,EuromediaHoldingsCorp_20070215_10SB12G_EX-10.B(01)_525118_EX-10.B(01)_Content License Agreement.txt,30050,1,12,1,0,4,0.33277870216306155,3.9933444259567388,0.33277870216306155
FEDERATEDGOVERNMENTINCOMESECURITIESINC_04_28_2020-EX-99.SERV AGREE-SERVICES AGREEMENT,FEDERATEDGOVERNMENTINCOMESECURITIESINC_04_28_2020-EX-99.SERV AGREE-SERVICES AGREEMENT.txt,11043,2,3,4,0,0,1.811102055600833,2.7166530834012494,3.622204111201666
FEDERATEDGOVERNMENTINCOMESECURITIESINC_04_28_2020-EX-99.SERV AGREE-SERVICES AGREEMENT_SECONDAMENDMENT,FEDERATEDGOVERNMENTINCOMESECURITIESINC_04_28_2020-EX-99.SERV AGREE-SERVICES AGREEMENT_SECONDAMENDMENT.txt,5466,0,0,0,0,0,0.0,0.0,0.0
FerroglobePlc_20150624_F-4A_EX-10.20_9154746_EX-10.20_Outsourcing Agreement,FerroglobePlc_20150624_F-4A_EX-10.20_9154746_EX-10.20_Outsourcing Agreement.txt,30309,0,6,0,0,7,0.0,1.9796100168266852,0.0
Freecook_20180605_S-1_EX-10.3_11233807_EX-10.3_Hosting Agreement,Freecook_20180605_S-1_EX-10.3_11233807_EX-10.3_Hosting Agreement.txt,6341,0,0,0,5,1,0.0,0.0,0.0
FreezeTagInc_20180411_8-K_EX-10.1_11139603_EX-10.1_Sponsorship Agreement,FreezeTagInc_20180411_8-K_EX-10.1_11139603_EX-10.1_Sponsorship Agreement.txt,26753,0,6,2,8,1,0.0,2.242739132059956,0.747579710686652
"FTENETWORKS,INC_02_18_2016-EX-99.4-STRATEGIC ALLIANCE AGREEMENT","FTENETWORKS,INC_02_18_2016-EX-99.4-STRATEGIC ALLIANCE AGREEMENT.txt",37829,0,11,1,8,0,0.0,2.9078220412910727,0.26434745829918843
FuseMedicalInc_20190321_10-K_EX-10.43_11575454_EX-10.43_Distributor Agreement,FuseMedicalInc_20190321_10-K_EX-10.43_11575454_EX-10.43_Distributor Agreement.txt,32502,0,7,0,13,0,0.0,2.1537136176235308,0.0
FUSIONPHARMACEUTICALSINC_06_05_2020-EX-10.17-Supply Agreement - FUSION,FUSIONPHARMACEUTICALSINC_06_05_2020-EX-10.17-Supply Agreement - FUSION.txt,40597,0,18,8,1,0,0.0,4.433825159494544,1.9705889597753528
GALACTICOMMTECHNOLOGIESINC_11_07_1997-EX-10.46-WEB HOSTING AGREEMENT,GALACTICOMMTECHNOLOGIESINC_11_07_1997-EX-10.46-WEB HOSTING AGREEMENT.txt,1660,0,0,0,3,0,0.0,0.0,0.0
GLOBALTECHNOLOGIESLTD_06_08_2020-EX-10.16-CONSULTING AGREEMENT,GLOBALTECHNOLOGIESLTD_06_08_2020-EX-10.16-CONSULTING AGREEMENT.txt,20805,0,1,2,6,0,0.0,0.48065368901706323,0.9613073780341265
GopageCorp_20140221_10-K_EX-10.1_8432966_EX-10.1_Content License Agreement,GopageCorp_20140221_10-K_EX-10.1_8432966_EX-10.1_Content License Agreement.txt,39622,0,13,4,4,9,0.0,3.2810055019938416,1.0095401544596436
GpaqAcquisitionHoldingsInc_20200123_S-4A_EX-10.6_11951677_EX-10.6_License Agreement,GpaqAcquisitionHoldingsInc_20200123_S-4A_EX-10.6_11951677_EX-10.6_License Agreement.txt,45234,0,7,0,4,5,0.0,1.547508511296812,0.0
GRANTIERRAENERGYINC_05_07_2012-EX-10.6-TRANSPORTATION CONTRACT,GRANTIERRAENERGYINC_05_07_2012-EX-10.6-TRANSPORTATION CONTRACT.txt,229670,0,31,4,4,34,0.0,1.3497627030086647,0.17416292942047285
"GRIDIRONBIONUTRIENTS,INC_02_05_2020-EX-10.3-SUPPLY AGREEMENT","GRIDIRONBIONUTRIENTS,INC_02_05_2020-EX-10.3-SUPPLY AGREEMENT.txt",5713,0,2,1,2,2,0.0,3.5007876772273763,1.7503938386136881
GridironBionutrientsInc_20171206_8-K_EX-10.2_10972556_EX-10.2_Endorsement Agreement,GridironBionutrientsInc_20171206_8-K_EX-10.2_10972556_EX-10.2_Endorsement Agreement.txt,3456,0,0,0,1,1,0.0,0.0,0.0
GSVINC_05_15_1998-EX-10-SPONSORSHIP AGREEMENT,GSVINC_05_15_1998-EX-10-SPONSORSHIP AGREEMENT.txt,50835,2,6,0,0,3,0.3934297236156192,1.1802891708468575,0.0
GULFSOUTHMEDICALSUPPLYINC_12_24_1997-EX-4-AFFILIATE AGREEMENT,GULFSOUTHMEDICALSUPPLYINC_12_24_1997-EX-4-AFFILIATE AGREEMENT.txt,27015,0,1,0,0,3,0.0,0.37016472330186934,0.0
HarpoonTherapeuticsInc_20200312_10-K_EX-10.18_12051356_EX-10.18_Development Agreement,HarpoonTherapeuticsInc_20200312_10-K_EX-10.18_12051356_EX-10.18_Development Agreement.txt,249551,0,58,14,3,3,0.0,2.3241742168935406,0.5610075695949926
HealthcareIntegratedTechnologiesInc_20190812_8-K_EX-10.1_11776966_EX-10.1_Reseller Agreement,HealthcareIntegratedTechnologiesInc_20190812_8-K_EX-10.1_11776966_EX-10.1_Reseller Agreement.txt,22288,1,8,1,0,0,0.4486719310839914,3.589375448671931,0.4486719310839914
HEALTHGATEDATACORP_11_24_1999-EX-10.1-HOSTING AND MANAGEMENT AGREEMENT (1),HEALTHGATEDATACORP_11_24_1999-EX-10.1-HOSTING AND MANAGEMENT AGREEMENT (1).txt,148691,1,23,1,21,6,0.06725356612034353,1.5468320207679012,0.06725356612034353
"HEMISPHERX - Sales, Marketing, Distribution, and Supply Agreement","HEMISPHERX - Sales, Marketing, Distribution, and Supply Agreement.txt",73685,1,20,2,0,2,0.13571283164823233,2.7142566329646467,0.27142566329646467
"HERTZGLOBALHOLDINGS,INC_07_07_2016-EX-10.4-INTELLECTUAL PROPERTY AGREEMENT","HERTZGLOBALHOLDINGS,INC_07_07_2016-EX-10.4-INTELLECTUAL PROPERTY AGREEMENT.txt",30968,0,21,5,1,0,0.0,6.78119349005425,1.6145698785843452
HUBEIMINKANGPHARMACEUTICALLTD_09_19_2006-EX-10.1-OUTSOURCING AGREEMENT,HUBEIMINKANGPHARMACEUTICALLTD_09_19_2006-EX-10.1-OUTSOURCING AGREEMENT.txt,11322,1,1,0,0,0,0.8832361773538244,0.8832361773538244,0.0
IGENEBIOTECHNOLOGYINC_05_13_2003-EX-1-JOINT VENTURE AGREEMENT,IGENEBIOTECHNOLOGYINC_05_13_2003-EX-1-JOINT VENTURE AGREEMENT.txt,70625,0,16,1,7,8,0.0,2.265486725663717,0.1415929203539823
ImperialGardenResortInc_20161028_DRS (on F-1)_EX-10.13_9963189_EX-10.13_Outsourcing Agreement,ImperialGardenResortInc_20161028_DRS (on F-1)_EX-10.13_9963189_EX-10.13_Outsourcing Agreement.txt,12260,0,0,0,0,3,0.0,0.0,0.0
ImpresseCorp_20000322_S-1A_EX-10.11_5199234_EX-10.11_Co-Branding Agreement,ImpresseCorp_20000322_S-1A_EX-10.11_5199234_EX-10.11_Co-Branding Agreement.txt,47639,2,15,9,0,4,0.4198240937047377,3.1486807027855326,1.8892084216713199
INKTOMICORP_06_08_1998-EX-10.14-SOFTWARE HOSTING AGREEMENT,INKTOMICORP_06_08_1998-EX-10.14-SOFTWARE HOSTING AGREEMENT.txt,70664,1,14,1,0,0,0.14151477414242047,1.9812068379938865,0.14151477414242047
InmodeLtd_20190729_F-1A_EX-10.9_11743243_EX-10.9_Manufacturing Agreement,InmodeLtd_20190729_F-1A_EX-10.9_11743243_EX-10.9_Manufacturing Agreement.txt,39588,1,13,0,2,9,0.2526017985248055,3.2838233808224713,0.0
IntegrityFunds_20200121_485BPOS_EX-99.E UNDR CONTR_11948727_EX-99.E UNDR CONTR_Service Agreement,IntegrityFunds_20200121_485BPOS_EX-99.E UNDR CONTR_11948727_EX-99.E UNDR CONTR_Service Agreement.txt,23845,0,0,2,0,0,0.0,0.0,0.8387502621094569
"INTELLIGENTHIGHWAYSOLUTIONS,INC_01_18_2018-EX-10.1-Strategic Alliance Agreement","INTELLIGENTHIGHWAYSOLUTIONS,INC_01_18_2018-EX-10.1-Strategic Alliance Agreement.txt",8288,0,1,1,0,2,0.0,1.2065637065637065,1.2065637065637065
INTERNATIONALFASTFOODCORP_04_04_1997-EX-99-FRANCHISE AGREEMENT,INTERNATIONALFASTFOODCORP_04_04_1997-EX-99-FRANCHISE AGREEMENT.txt,116873,0,26,3,5,6,0.0,2.224636999135814,0.25668888451567085
"INTERSECTENT,INC_05_11_2020-EX-10.1-SUPPLY AGREEMENT","INTERSECTENT,INC_05_11_2020-EX-10.1-SUPPLY AGREEMENT.txt",37970,0,11,3,0,2,0.0,2.8970239662891757,0.7900974453515933
INTRICONCORP_03_10_2009-EX-10.22-Strategic Alliance Agreement,INTRICONCORP_03_10_2009-EX-10.22-Strategic Alliance Agreement.txt,52967,1,12,0,19,19,0.18879679800630583,2.2655615760756698,0.0
JINGWEIINTERNATIONALLTD_10_04_2007-EX-10.7-INTELLECTUAL PROPERTY AGREEMENT,JINGWEIINTERNATIONALLTD_10_04_2007-EX-10.7-INTELLECTUAL PROPERTY AGREEMENT.txt,15298,0,9,0,0,0,0.0,5.883121976728985,0.0
"KIROMICBIOPHARMA,INC_05_11_2020-EX-10.23-CONSULTING AGREEMENT","KIROMICBIOPHARMA,INC_05_11_2020-EX-10.23-CONSULTING AGREEMENT.txt",18403,0,6,0,1,0,0.0,3.260337988371461,0.0
"KUBIENT,INC_07_02_2020-EX-10.14-MASTER SERVICES AGREEMENT_Part2","KUBIENT,INC_07_02_2020-EX-10.14-MASTER SERVICES AGREEMENT_Part2.txt",7600,0,4,0,0,19,0.0,5.263157894736842,0.0
LECLANCHÉ S.A. - JOINT DEVELOPMENT AND MARKETING AGREEMENT,LECLANCHÉ S.A. - JOINT DEVELOPMENT AND MARKETING AGREEMENT.txt,20380,0,5,0,0,0,0.0,2.453385672227674,0.0
LegacyEducationAllianceInc_20200330_10-K_EX-10.18_12090678_EX-10.18_Development Agreement,LegacyEducationAllianceInc_20200330_10-K_EX-10.18_12090678_EX-10.18_Development Agreement.txt,46255,0,7,3,3,1,0.0,1.5133499081180415,0.6485785320505891
LIMEENERGYCO_09_09_1999-EX-10-DISTRIBUTOR AGREEMENT,LIMEENERGYCO_09_09_1999-EX-10-DISTRIBUTOR AGREEMENT.txt,54290,0,8,1,2,0,0.0,1.4735678762202984,0.1841959845275373
LohaCompanyltd_20191209_F-1_EX-10.16_11917878_EX-10.16_Supply Agreement,LohaCompanyltd_20191209_F-1_EX-10.16_11917878_EX-10.16_Supply Agreement.txt,11475,0,0,0,0,7,0.0,0.0,0.0
LOYALTYPOINTINC_11_16_2004-EX-10.2-RESELLER AGREEMENT,LOYALTYPOINTINC_11_16_2004-EX-10.2-RESELLER AGREEMENT.txt,117478,1,21,1,28,22,0.08512232077495362,1.7875687362740256,0.08512232077495362
LUCIDINC_04_15_2011-EX-10.9-DISTRIBUTOR AGREEMENT,LUCIDINC_04_15_2011-EX-10.9-DISTRIBUTOR AGREEMENT.txt,15540,1,3,0,0,0,0.6435006435006434,1.9305019305019304,0.0
MACROGENICSINC_08_02_2013-EX-10-COLLABORATION AGREEMENT,MACROGENICSINC_08_02_2013-EX-10-COLLABORATION AGREEMENT.txt,163199,1,22,2,1,8,0.06127488526277735,1.3480474757811016,0.1225497705255547
"Magenta Therapeutics, Inc. - Master Development and Manufacturing Agreement","Magenta Therapeutics, Inc. - Master Development and Manufacturing Agreement.txt",73598,1,30,2,0,2,0.13587325742547351,4.0761977227642054,0.27174651485094703
MARTINMIDSTREAMPARTNERSLP_01_23_2004-EX-10.3-TRANSPORTATION SERVICES AGREEMENT,MARTINMIDSTREAMPARTNERSLP_01_23_2004-EX-10.3-TRANSPORTATION SERVICES AGREEMENT.txt,13995,0,3,0,1,0,0.0,2.1436227224008575,0.0
MEDIWOUNDLTD_01_15_2014-EX-10.6-SUPPLY AGREEMENT,MEDIWOUNDLTD_01_15_2014-EX-10.6-SUPPLY AGREEMENT.txt,49915,0,10,0,0,1,0.0,2.0034057898427324,0.0
"MetLife, Inc. - Remarketing Agreement","MetLife, Inc. - Remarketing Agreement.txt",111249,0,4,3,9,5,0.0,0.35955379374196617,0.2696653453064747
"MIDDLEBROOKPHARMACEUTICALS,INC_03_18_2010-EX-10.1-PROMOTION AGREEMENT","MIDDLEBROOKPHARMACEUTICALS,INC_03_18_2010-EX-10.1-PROMOTION AGREEMENT.txt",57646,0,15,3,11,5,0.0,2.6020886097907923,0.5204177219581584
MorganStanleyDirectLendingFund_20191119_10-12GA_EX-10.5_11898508_EX-10.5_Trademark License Agreement,MorganStanleyDirectLendingFund_20191119_10-12GA_EX-10.5_11898508_EX-10.5_Trademark License Agreement.txt,16153,0,10,3,0,0,0.0,6.190800470500836,1.8572401411502508
MphaseTechnologiesInc_20030911_10-K_EX-10.15_1560667_EX-10.15_Co-Branding Agreement,MphaseTechnologiesInc_20030911_10-K_EX-10.15_1560667_EX-10.15_Co-Branding Agreement.txt,8321,0,3,0,0,0,0.0,3.6053358971277487,0.0
MRSFIELDSORIGINALCOOKIESINC_01_29_1998-EX-10-FRANCHISE AGREEMENT,MRSFIELDSORIGINALCOOKIESINC_01_29_1998-EX-10-FRANCHISE AGREEMENT.txt,249359,0,54,4,14,19,0.0,2.165552476549874,0.1604112945592499
MSCIINC_02_28_2008-EX-10.10-,MSCIINC_02_28_2008-EX-10.10-.txt,11770,0,0,0,0,1,0.0,0.0,0.0
N2KINC_10_16_1997-EX-10.16-SPONSORSHIP AGREEMENT,N2KINC_10_16_1997-EX-10.16-SPONSORSHIP AGREEMENT.txt,49518,2,4,0,0,1,0.403893533664526,0.807787067329052,0.0
NANOPHASETECHNOLOGIESCORP_11_01_2005-EX-99.1-DISTRIBUTOR AGREEMENT,NANOPHASETECHNOLOGIESCORP_11_01_2005-EX-99.1-DISTRIBUTOR AGREEMENT.txt,48612,1,8,6,1,1,0.20571052415041552,1.6456841932033242,1.2342631449024932
NELNETINC_04_08_2020-EX-1-JOINT FILING AGREEMENT,NELNETINC_04_08_2020-EX-1-JOINT FILING AGREEMENT.txt,1081,0,0,0,0,0,0.0,0.0,0.0
NEONSYSTEMSINC_03_01_1999-EX-10.5-DISTRIBUTOR AGREEMENT_Amendment,NEONSYSTEMSINC_03_01_1999-EX-10.5-DISTRIBUTOR AGREEMENT_Amendment.txt,21994,0,6,0,7,5,0.0,2.7280167318359556,0.0
"NETGEAR,INC_04_21_2003-EX-10.16-AMENDMENT TO THE DISTRIBUTOR AGREEMENT BETWEEN INGRAM MICRO AND NETGEAR","NETGEAR,INC_04_21_2003-EX-10.16-AMENDMENT TO THE DISTRIBUTOR AGREEMENT BETWEEN INGRAM MICRO AND NETGEAR.txt",8113,0,0,0,0,0,0.0,0.0,0.0
"NETGEAR,INC_04_21_2003-EX-10.16-DISTRIBUTOR AGREEMENT","NETGEAR,INC_04_21_2003-EX-10.16-DISTRIBUTOR AGREEMENT.txt",41501,1,11,1,0,0,0.24095804920363367,2.6505385412399702,0.24095804920363367
NICELTD_06_26_2003-EX-4.5-OUTSOURCING AGREEMENT,NICELTD_06_26_2003-EX-4.5-OUTSOURCING AGREEMENT.txt,148163,0,36,12,5,28,0.0,2.429756416919204,0.8099188056397346
NUVEEN - REMARKETING AGREEMENT,NUVEEN - REMARKETING AGREEMENT.txt,70631,0,13,4,0,0,0.0,1.840551599156178,0.5663235689711317
NYLIACVARIABLEANNUITYSEPARATEACCOUNTIII_04_10_2020-EX-99.8.KK-SERVICE AGREEMENT,NYLIACVARIABLEANNUITYSEPARATEACCOUNTIII_04_10_2020-EX-99.8.KK-SERVICE AGREEMENT.txt,6840,0,4,0,0,0,0.0,5.847953216374269,0.0
"OAKTREECAPITALGROUP,LLC_03_02_2020-EX-10.8-Services Agreement","OAKTREECAPITALGROUP,LLC_03_02_2020-EX-10.8-Services Agreement.txt",20133,0,9,2,0,0,0.0,4.470272686633884,0.9933939303630854
"OASYSMOBILE,INC_07_05_2001-EX-10.17-OUTSOURCING AGREEMENT","OASYSMOBILE,INC_07_05_2001-EX-10.17-OUTSOURCING AGREEMENT.txt",58860,4,18,0,36,9,0.6795786612300373,3.058103975535168,0.0
"ON2TECHNOLOGIES,INC_11_17_2006-EX-10.3-SUPPORT AND MAINTENANCE AGREEMENT","ON2TECHNOLOGIES,INC_11_17_2006-EX-10.3-SUPPORT AND MAINTENANCE AGREEMENT.txt",61392,0,7,4,6,0,0.0,1.1402137086265312,0.6515506906437321
OPERALTD_04_30_2020-EX-4.14-SERVICE AGREEMENT,OPERALTD_04_30_2020-EX-4.14-SERVICE AGREEMENT.txt,20983,0,4,1,0,0,0.0,1.9063051041319161,0.47657627603297903
ORBSATCORP_08_17_2007-EX-7.3-STRATEGIC ALLIANCE AGREEMENT,ORBSATCORP_08_17_2007-EX-7.3-STRATEGIC ALLIANCE AGREEMENT.txt,18445,0,5,1,1,0,0.0,2.710761724044456,0.5421523448088913
PacificapEntertainmentHoldingsInc_20051115_8-KA_EX-1.01_4300894_EX-1.01_Content License Agreement,PacificapEntertainmentHoldingsInc_20051115_8-KA_EX-1.01_4300894_EX-1.01_Content License Agreement.txt,18138,0,7,1,1,1,0.0,3.8593009152056457,0.5513287021722351
PACIFICSYSTEMSCONTROLTECHNOLOGYINC_08_24_2000-EX-10.53-SPONSORSHIP AGREEMENT,PACIFICSYSTEMSCONTROLTECHNOLOGYINC_08_24_2000-EX-10.53-SPONSORSHIP AGREEMENT.txt,4066,0,0,0,1,0,0.0,0.0,0.0
"PACIRA PHARMACEUTICALS, INC. - A_R STRATEGIC LICENSING, DISTRIBUTION AND MARKETING AGREEMENT ","PACIRA PHARMACEUTICALS, INC. - A_R STRATEGIC LICENSING, DISTRIBUTION AND MARKETING AGREEMENT .txt",145168,0,42,4,3,3,0.0,2.8931996032183402,0.27554281935412767
PalmerSquareCapitalBdcInc_20200116_10-12GA_EX-10.6_11949289_EX-10.6_Trademark License Agreement,PalmerSquareCapitalBdcInc_20200116_10-12GA_EX-10.6_11949289_EX-10.6_Trademark License Agreement.txt,14764,0,6,0,0,0,0.0,4.06393931183961,0.0
PapaJohnsInternationalInc_20190617_8-K_EX-10.1_11707365_EX-10.1_Endorsement Agreement,PapaJohnsInternationalInc_20190617_8-K_EX-10.1_11707365_EX-10.1_Endorsement Agreement.txt,68204,1,34,6,4,5,0.1466189666295232,4.985044865403788,0.8797137997771391
PareteumCorp_20081001_8-K_EX-99.1_2654808_EX-99.1_Hosting Agreement,PareteumCorp_20081001_8-K_EX-99.1_2654808_EX-99.1_Hosting Agreement.txt,66253,3,15,1,0,0,0.452809684089777,2.2640484204488853,0.15093656136325903
PelicanDeliversInc_20200211_S-1_EX-10.3_11975895_EX-10.3_Development Agreement1,PelicanDeliversInc_20200211_S-1_EX-10.3_11975895_EX-10.3_Development Agreement1.txt,16590,0,0,0,11,8,0.0,0.0,0.0
PelicanDeliversInc_20200211_S-1_EX-10.3_11975895_EX-10.3_Development Agreement2,PelicanDeliversInc_20200211_S-1_EX-10.3_11975895_EX-10.3_Development Agreement2.txt,32093,0,17,1,0,0,0.0,5.2971052877574545,0.311594428691615
PenntexMidstreamPartnersLp_20150416_S-1A_EX-10.4_9042833_EX-10.4_Transportation Agreement,PenntexMidstreamPartnersLp_20150416_S-1A_EX-10.4_9042833_EX-10.4_Transportation Agreement.txt,52008,1,5,3,1,7,0.19227811105983697,0.9613905552991847,0.5768343331795108
PfHospitalityGroupInc_20150923_10-12G_EX-10.1_9266710_EX-10.1_Franchise Agreement1,PfHospitalityGroupInc_20150923_10-12G_EX-10.1_9266710_EX-10.1_Franchise Agreement1.txt,152649,0,51,2,22,18,0.0,3.3409979757482855,0.13101952846071707
PfHospitalityGroupInc_20150923_10-12G_EX-10.1_9266710_EX-10.1_Franchise Agreement3,PfHospitalityGroupInc_20150923_10-12G_EX-10.1_9266710_EX-10.1_Franchise Agreement3.txt,6772,0,3,0,0,0,0.0,4.430005906674542,0.0
PhasebioPharmaceuticalsInc_20200330_10-K_EX-10.21_12086810_EX-10.21_Development Agreement,PhasebioPharmaceuticalsInc_20200330_10-K_EX-10.21_12086810_EX-10.21_Development Agreement.txt,291873,1,81,12,22,16,0.034261476738170364,2.7751796157918,0.4111377208580444
PLAYAHOTELS_RESORTSNV_03_14_2017-EX-10.22-STRATEGIC ALLIANCE AGREEMENT (Hyatt Ziva Cancun),PLAYAHOTELS_RESORTSNV_03_14_2017-EX-10.22-STRATEGIC ALLIANCE AGREEMENT (Hyatt Ziva Cancun).txt,22259,0,1,0,4,0,0.0,0.44925648052473155,0.0
PrecheckHealthServicesInc_20200320_8-K_EX-99.2_12070169_EX-99.2_Distributor Agreement,PrecheckHealthServicesInc_20200320_8-K_EX-99.2_12070169_EX-99.2_Distributor Agreement.txt,6320,0,4,0,0,0,0.0,6.329113924050633,0.0
PREMIERBIOMEDICALINC_05_14_2020-EX-10.2-INTELLECTUAL PROPERTY AGREEMENT,PREMIERBIOMEDICALINC_05_14_2020-EX-10.2-INTELLECTUAL PROPERTY AGREEMENT.txt,23282,0,0,0,7,4,0.0,0.0,0.0
Principal Life Insurance Company - Broker Dealer Marketing and Servicing Agreement,Principal Life Insurance Company - Broker Dealer Marketing and Servicing Agreement.txt,29599,0,8,1,0,3,0.0,2.7027940133112605,0.33784925166390756
RareElementResourcesLtd_20171019_SC 13D_EX-99.4_10897534_EX-99.4_Intellectual Property Agreement,RareElementResourcesLtd_20171019_SC 13D_EX-99.4_10897534_EX-99.4_Intellectual Property Agreement.txt,34461,0,6,2,0,0,0.0,1.741098633237573,0.580366211079191
ReedsInc_20191113_10-Q_EX-10.4_11888303_EX-10.4_Development Agreement,ReedsInc_20191113_10-Q_EX-10.4_11888303_EX-10.4_Development Agreement.txt,28331,1,6,2,0,0,0.3529702446083795,2.1178214676502773,0.705940489216759
REWALKROBOTICSLTD_07_10_2014-EX-10.2-STRATEGIC ALLIANCE AGREEMENT,REWALKROBOTICSLTD_07_10_2014-EX-10.2-STRATEGIC ALLIANCE AGREEMENT.txt,14979,0,8,0,0,0,0.0,5.3408104679885176,0.0
ReynoldsConsumerProductsInc_20191115_S-1_EX-10.18_11896469_EX-10.18_Supply Agreement,ReynoldsConsumerProductsInc_20191115_S-1_EX-10.18_11896469_EX-10.18_Supply Agreement.txt,61710,0,7,5,5,1,0.0,1.1343380327337547,0.8102414519526819
ReynoldsConsumerProductsInc_20200121_S-1A_EX-10.22_11948918_EX-10.22_Service Agreement,ReynoldsConsumerProductsInc_20200121_S-1A_EX-10.22_11948918_EX-10.22_Service Agreement.txt,112910,0,22,2,76,3,0.0,1.9484545213001507,0.17713222920910457
RgcResourcesInc_20151216_8-K_EX-10.3_9372751_EX-10.3_Franchise Agreement,RgcResourcesInc_20151216_8-K_EX-10.3_9372751_EX-10.3_Franchise Agreement.txt,5171,0,0,0,1,0,0.0,0.0,0.0
RitterPharmaceuticalsInc_20200313_S-4A_EX-10.54_12055220_EX-10.54_Development Agreement,RitterPharmaceuticalsInc_20200313_S-4A_EX-10.54_12055220_EX-10.54_Development Agreement.txt,122688,0,23,7,28,33,0.0,1.8746739697443924,0.5705529473135107
RMRGROUPINC_01_22_2020-EX-99.1-JOINT FILING AGREEMENT,RMRGROUPINC_01_22_2020-EX-99.1-JOINT FILING AGREEMENT.txt,645,0,0,0,1,0,0.0,0.0,0.0
RUBIOSRESTAURANTSINC_03_31_2008-EX-10.75-SPONSORSHIP AGREEMENT,RUBIOSRESTAURANTSINC_03_31_2008-EX-10.75-SPONSORSHIP AGREEMENT.txt,37103,0,4,0,2,0,0.0,1.0780799396275234,0.0
SalesforcecomInc_20171122_10-Q_EX-10.1_10961535_EX-10.1_Reseller Agreement,SalesforcecomInc_20171122_10-Q_EX-10.1_10961535_EX-10.1_Reseller Agreement.txt,2935,0,0,0,0,0,0.0,0.0,0.0
ScansourceInc_20190822_10-K_EX-10.38_11793958_EX-10.38_Distributor Agreement1,ScansourceInc_20190822_10-K_EX-10.38_11793958_EX-10.38_Distributor Agreement1.txt,84384,2,26,3,0,2,0.23701175578308684,3.081152825180129,0.35551763367463024
ScansourceInc_20190822_10-K_EX-10.38_11793958_EX-10.38_Distributor Agreement2,ScansourceInc_20190822_10-K_EX-10.38_11793958_EX-10.38_Distributor Agreement2.txt,13330,0,2,0,0,0,0.0,1.5003750937734435,0.0
SECURIANFUNDSTRUST_05_01_2012-EX-99.28.H.9-NET INVESTMENT INCOME MAINTENANCE AGREEMENT,SECURIANFUNDSTRUST_05_01_2012-EX-99.28.H.9-NET INVESTMENT INCOME MAINTENANCE AGREEMENT.txt,9700,0,2,0,0,1,0.0,2.061855670103093,0.0
SENMIAOTECHNOLOGYLTD_02_19_2019-EX-10.5-Collaboration Agreement,SENMIAOTECHNOLOGYLTD_02_19_2019-EX-10.5-Collaboration Agreement.txt,73890,0,19,0,0,5,0.0,2.5713899039112196,0.0
SEPARATEACCOUNTIIOFAGL_05_02_2011-EX-99.(J)(4)-UNCONDITIONAL CAPITAL MAINTENANCE AGREEMENT,SEPARATEACCOUNTIIOFAGL_05_02_2011-EX-99.(J)(4)-UNCONDITIONAL CAPITAL MAINTENANCE AGREEMENT.txt,20121,0,9,0,0,1,0.0,4.472938720739526,0.0
"SIBANNAC,INC_12_04_2017-EX-2.1-Strategic Alliance Agreement","SIBANNAC,INC_12_04_2017-EX-2.1-Strategic Alliance Agreement.txt",8380,0,1,1,0,2,0.0,1.1933174224343677,1.1933174224343677
"SightLife Surgical, Inc. - STRATEGIC SALES _ MARKETING AGREEMENT","SightLife Surgical, Inc. - STRATEGIC SALES _ MARKETING AGREEMENT.txt",23895,0,11,1,10,1,0.0,4.603473530027202,0.41849759363883654
SLINGERBAGINC_05_27_2020-EX-10.7-CONSULTING AGREEMENT,SLINGERBAGINC_05_27_2020-EX-10.7-CONSULTING AGREEMENT.txt,33425,0,24,0,3,2,0.0,7.180254300673148,0.0
SLOVAKWIRELESSFINANCECOBV_03_28_2001-EX-4.(B)(II).3-Maintenance and support contract for SICAP(R) modules,SLOVAKWIRELESSFINANCECOBV_03_28_2001-EX-4.(B)(II).3-Maintenance and support contract for SICAP(R) modules.txt,33577,0,4,0,0,0,0.0,1.1912916579801651,0.0
"Sonos, Inc. - Manufacturing Agreement ","Sonos, Inc. - Manufacturing Agreement .txt",109219,2,19,3,0,2,0.1831183219036981,1.7396240580851317,0.2746774828555471
SouthernStarEnergyInc_20051202_SB-2A_EX-9_801890_EX-9_Affiliate Agreement,SouthernStarEnergyInc_20051202_SB-2A_EX-9_801890_EX-9_Affiliate Agreement.txt,22721,2,7,0,0,2,0.8802429470533868,3.0808503146868533,0.0
SPARKLINGSPRINGWATERHOLDINGSLTD_07_03_2002-EX-10.13-SOFTWARE LICENSE AND MAINTENANCE AGREEMENT,SPARKLINGSPRINGWATERHOLDINGSLTD_07_03_2002-EX-10.13-SOFTWARE LICENSE AND MAINTENANCE AGREEMENT.txt,27714,2,4,0,0,0,0.7216569242981887,1.4433138485963775,0.0
"SPOKHOLDINGS,INC_06_19_2020-EX-10.1-COOPERATION AGREEMENT","SPOKHOLDINGS,INC_06_19_2020-EX-10.1-COOPERATION AGREEMENT.txt",17710,0,3,0,2,1,0.0,1.693958215697346,0.0
STWRESOURCESHOLDINGCORP_08_06_2014-EX-10.1-COOPERATION AGREEMENT,STWRESOURCESHOLDINGCORP_08_06_2014-EX-10.1-COOPERATION AGREEMENT.txt,27721,0,8,1,3,3,0.0,2.885898777100393,0.3607373471375491
SUMMAFOURINC_06_19_1998-EX-10.3-SOFTWARE LICENSE AND MAINTENANCE AGREEMENT,SUMMAFOURINC_06_19_1998-EX-10.3-SOFTWARE LICENSE AND MAINTENANCE AGREEMENT.txt,117803,1,10,1,8,43,0.0848874816430821,0.848874816430821,0.0848874816430821
TcPipelinesLp_20160226_10-K_EX-99.12_9454048_EX-99.12_Transportation Agreement,TcPipelinesLp_20160226_10-K_EX-99.12_9454048_EX-99.12_Transportation Agreement.txt,6088,0,2,0,0,0,0.0,3.2851511169513796,0.0
TELEGLOBEINTERNATIONALHOLDINGSLTD_03_29_2004-EX-10.10-CONSTRUCTION AND MAINTENANCE AGREEMENT,TELEGLOBEINTERNATIONALHOLDINGSLTD_03_29_2004-EX-10.10-CONSTRUCTION AND MAINTENANCE AGREEMENT.txt,94266,0,9,0,1,16,0.0,0.9547450830628222,0.0
ThriventVariableInsuranceAccountB_20190701_N-6_EX-99.D(IV)_11720968_EX-99.D(IV)_Endorsement Agreement,ThriventVariableInsuranceAccountB_20190701_N-6_EX-99.D(IV)_11720968_EX-99.D(IV)_Endorsement Agreement.txt,4871,0,0,0,0,1,0.0,0.0,0.0
TodosMedicalLtd_20190328_20-F_EX-4.10_11587157_EX-4.10_Marketing Agreement_ Reseller Agreement,TodosMedicalLtd_20190328_20-F_EX-4.10_11587157_EX-4.10_Marketing Agreement_ Reseller Agreement.txt,32321,1,5,4,0,5,0.30939636768664336,1.5469818384332168,1.2375854707465734
TomOnlineInc_20060501_20-F_EX-4.46_749700_EX-4.46_Co-Branding Agreement,TomOnlineInc_20060501_20-F_EX-4.46_749700_EX-4.46_Co-Branding Agreement.txt,112361,2,27,9,0,9,0.1779977038296206,2.402969001699878,0.8009896672332927
"TRANSPHORM,INC_02_14_2020-EX-10.12(1)-JOINT VENTURE AGREEMENT","TRANSPHORM,INC_02_14_2020-EX-10.12(1)-JOINT VENTURE AGREEMENT.txt",95181,0,23,4,0,10,0.0,2.416448660972253,0.4202519410386527
TUNIUCORP_03_06_2014-EX-10-COOPERATION AGREEMENT,TUNIUCORP_03_06_2014-EX-10-COOPERATION AGREEMENT.txt,17917,0,8,0,0,1,0.0,4.465033208684489,0.0
UpjohnInc_20200121_10-12G_EX-2.6_11948692_EX-2.6_Manufacturing Agreement_ Supply Agreement,UpjohnInc_20200121_10-12G_EX-2.6_11948692_EX-2.6_Manufacturing Agreement_ Supply Agreement.txt,225094,0,50,33,4,30,0.0,2.221294214861347,1.466054181808489
URSCORPNEW_03_17_2014-EX-99-COOPERATION AGREEMENT,URSCORPNEW_03_17_2014-EX-99-COOPERATION AGREEMENT.txt,37211,0,1,0,2,1,0.0,0.2687377388406654,0.0
USASYNTHETICFUELCORP_10_21_2010-EX-10.10-STRATEGIC ALLIANCE AGREEMENT,USASYNTHETICFUELCORP_10_21_2010-EX-10.10-STRATEGIC ALLIANCE AGREEMENT.txt,52252,0,10,0,12,4,0.0,1.913802342494067,0.0
UsioInc_20040428_SB-2_EX-10.11_1723988_EX-10.11_Affiliate Agreement 2,UsioInc_20040428_SB-2_EX-10.11_1723988_EX-10.11_Affiliate Agreement 2.txt,26115,0,14,2,2,0,0.0,5.360903695194333,0.7658433850277618
"VAPOTHERM, INC. - Manufacturing and Supply Agreement","VAPOTHERM, INC. - Manufacturing and Supply Agreement.txt",75632,0,18,9,0,2,0.0,2.37994499682674,1.18997249841337
VARIABLESEPARATEACCOUNT_04_30_2014-EX-13.C-UNCONDITIONAL CAPITAL MAINTENANCE AGREEMENT,VARIABLESEPARATEACCOUNT_04_30_2014-EX-13.C-UNCONDITIONAL CAPITAL MAINTENANCE AGREEMENT.txt,15202,0,10,0,0,1,0.0,6.5780818313379825,0.0
"VEONEER,INC_02_21_2020-EX-10.11-JOINT VENTURE AGREEMENT","VEONEER,INC_02_21_2020-EX-10.11-JOINT VENTURE AGREEMENT.txt",8257,0,7,1,0,0,0.0,8.47765532275645,1.2110936175366356
VERICELCORP_08_06_2019-EX-10.10-SUPPLY AGREEMENT,VERICELCORP_08_06_2019-EX-10.10-SUPPLY AGREEMENT.txt,102006,2,26,11,0,0,0.19606689802560634,2.5488696743328823,1.0783679391408347
VerizonAbsLlc_20200123_8-K_EX-10.4_11952335_EX-10.4_Service Agreement,VerizonAbsLlc_20200123_8-K_EX-10.4_11952335_EX-10.4_Service Agreement.txt,289615,2,83,4,17,53,0.06905719662310308,2.8658736598587784,0.13811439324620617
VERTEXENERGYINC_08_14_2014-EX-10.24-OPERATION AND MAINTENANCE AGREEMENT,VERTEXENERGYINC_08_14_2014-EX-10.24-OPERATION AND MAINTENANCE AGREEMENT.txt,57254,2,25,11,8,0,0.34932057148845497,4.366507143605687,1.9212631431865022
VERTICALNETINC_04_01_2002-EX-10.19-MAINTENANCE AND SUPPORT AGREEMENT,VERTICALNETINC_04_01_2002-EX-10.19-MAINTENANCE AND SUPPORT AGREEMENT.txt,78033,1,11,0,2,8,0.1281509105122192,1.409660015634411,0.0
"VIRGINGALACTICHOLDINGS,INC_04_08_2020-EX-99.1-JOINT FILING STATEMENT","VIRGINGALACTICHOLDINGS,INC_04_08_2020-EX-99.1-JOINT FILING STATEMENT.txt",1194,0,0,0,0,0,0.0,0.0,0.0
"VIVINT SOLAR, INC. - NON-COMPETITION AGREEMENT","VIVINT SOLAR, INC. - NON-COMPETITION AGREEMENT.txt",3493,0,0,0,0,0,0.0,0.0,0.0
WARNINGMANAGEMENTSERVICESINC_12_10_1999-EX-10-ENDORSEMENT AGREEMENT,WARNINGMANAGEMENTSERVICESINC_12_10_1999-EX-10-ENDORSEMENT AGREEMENT.txt,29724,0,14,0,3,4,0.0,4.709998654286099,0.0
"WASTE2ENERGYHOLDINGS,INC_06_03_2010-EX-10.2-STRATEGIC ALLIANCE AGREEMENT","WASTE2ENERGYHOLDINGS,INC_06_03_2010-EX-10.2-STRATEGIC ALLIANCE AGREEMENT.txt",40442,0,10,0,2,0,0.0,2.4726769200336283,0.0
WEBHELPCOMINC_03_22_2000-EX-10.8-HOSTING AGREEMENT,WEBHELPCOMINC_03_22_2000-EX-10.8-HOSTING AGREEMENT.txt,19257,1,11,1,0,1,0.5192916861401049,5.712208547541153,0.5192916861401049
WELLSFARGOMORTGAGEBACKEDSECURITIES2006-6TRUST_05_11_2006-EX-10.3-Yield Maintenance Agreement,WELLSFARGOMORTGAGEBACKEDSECURITIES2006-6TRUST_05_11_2006-EX-10.3-Yield Maintenance Agreement.txt,37683,0,17,0,0,0,0.0,4.511318101000451,0.0
WESTERN COPPER - NON-COMPETITION AGREEMENT,WESTERN COPPER - NON-COMPETITION AGREEMENT.txt,16402,0,3,0,0,0,0.0,1.8290452383855629,0.0
"WHITESMOKE,INC_11_08_2011-EX-10.26-PROMOTION AND DISTRIBUTION AGREEMENT","WHITESMOKE,INC_11_08_2011-EX-10.26-PROMOTION AND DISTRIBUTION AGREEMENT.txt",70383,2,16,3,0,0,0.2841595271585468,2.2732762172683745,0.4262392907378202
WORLDWIDESTRATEGIESINC_11_02_2005-EX-10-RESELLER AGREEMENT,WORLDWIDESTRATEGIESINC_11_02_2005-EX-10-RESELLER AGREEMENT.txt,84618,1,23,1,1,2,0.11817816540216029,2.718097804249687,0.11817816540216029
WPPPLC_04_30_2020-EX-4.28-SERVICE AGREEMENT,WPPPLC_04_30_2020-EX-4.28-SERVICE AGREEMENT.txt,65547,0,25,0,0,6,0.0,3.8140570888065053,0.0
"XLITECHNOLOGIES,INC_12_02_2015-EX-10.02-STRATEGIC ALLIANCE AGREEMENT","XLITECHNOLOGIES,INC_12_02_2015-EX-10.02-STRATEGIC ALLIANCE AGREEMENT.txt",5712,0,0,0,0,0,0.0,0.0,0.0
"XLITECHNOLOGIES,INC_12_11_2015-EX-10.1-Sponsorship Agreement","XLITECHNOLOGIES,INC_12_11_2015-EX-10.1-Sponsorship Agreement.txt",18240,0,10,1,0,0,0.0,5.482456140350877,0.5482456140350878
ZEBRATECHNOLOGIESCORP_04_16_2014-EX-10.1-INTELLECTUAL PROPERTY AGREEMENT,ZEBRATECHNOLOGIESCORP_04_16_2014-EX-10.1-INTELLECTUAL PROPERTY AGREEMENT.txt,127205,0,15,0,0,0,0.0,1.179198930859636,0.0
"Zounds Hearing, Inc. - MANUFACTURING DESIGN MARKETING AGREEMENT","Zounds Hearing, Inc. - MANUFACTURING DESIGN MARKETING AGREEMENT.txt",47001,1,13,0,4,7,0.2127614306078594,2.765898597902172,0.0
